id_producto,nombre_producto,stock,precio
1,Producto_1,102.0,158.9127221924929
2,Producto_2,435.0,598.1894081986138
3,Producto_3,348.0,387.0819480647113
4,Producto_4,270.0,970.2152538364571
5,Producto_5,106.0,843.6977339043516
6,Producto_6,71.0,839.9454176640264
7,Producto_7,188.0,474.00622819702056
8,Producto_8,20.0,420.6713073142885
9,Producto_9,102.0,280.6730012113992
10,Producto_10,121.0,65.81174168441785
11,Producto_11,466.0,866.0751524925026
12,Producto_12,214.0,814.7719990387768
13,Producto_13,330.0,999.7204965532693
14,Producto_14,458.0,996.6704687031663
15,Producto_15,,559.8773885466012
16,Producto_16,372.0,771.2975410287054
17,Producto_17,99.0,945.3180725836038
18,Producto_18,359.0,851.1509167706373
19,Producto_19,151.0,254.87462072576568
20,Producto_20,130.0,456.0386939569926
21,Producto_21,149.0,137.86782099998004
22,Producto_22,308.0,954.5105169861351
23,Producto_23,257.0,610.1128881063712
24,Producto_24,343.0,236.3563774484281
25,Producto_25,491.0,674.9836775617981
26,Producto_26,413.0,621.9469580533168
27,Producto_27,293.0,364.5810908525121
28,Producto_28,385.0,122.42201627763274
29,Producto_29,191.0,674.8574636368716
30,Producto_30,443.0,525.1046238947554
31,Producto_31,276.0,774.5952078182829
32,Producto_32,160.0,524.9618661008734
33,Producto_33,459.0,853.6596853153547
34,Producto_34,,556.3877703867407
35,Producto_35,21.0,565.3285918200324
36,Producto_36,252.0,877.8870666317616
37,Producto_37,,409.44803755027306
38,Producto_38,344.0,142.67507616613432
39,Producto_39,48.0,38.494849550205586
40,Producto_40,474.0,757.5858831168828
41,Producto_41,58.0,624.10645583993
42,Producto_42,169.0,707.0389704182313
43,Producto_43,475.0,220.83451989382164
44,Producto_44,187.0,145.00776083090207
45,Producto_45,,24.399219011203108
46,Producto_46,270.0,357.081683218531
47,Producto_47,189.0,594.0185099860868
48,Producto_48,445.0,398.321604648735
49,Producto_49,174.0,443.1001728034918
50,Producto_50,445.0,905.117107548811
51,Producto_51,50.0,354.77291235306734
52,Producto_52,,518.8495942682127
53,Producto_53,,785.8164826137316
54,Producto_54,243.0,402.57735449805745
55,Producto_55,319.0,625.8658332255948
56,Producto_56,130.0,863.7400716592778
57,Producto_57,484.0,950.0254174210656
58,Producto_58,306.0,155.60274611974756
59,Producto_59,134.0,927.3217489098795
60,Producto_60,20.0,497.1951301487428
61,Producto_61,328.0,265.6619444159688
62,Producto_62,,464.5443986758787
63,Producto_63,273.0,980.2322495326223
64,Producto_64,,497.6919130529409
65,Producto_65,88.0,335.46409418463315
66,Producto_66,315.0,637.0668457735585
67,Producto_67,13.0,247.74416259041115
68,Producto_68,241.0,85.10469482757728
69,Producto_69,264.0,137.59092469154274
70,Producto_70,345.0,136.7653805681947
71,Producto_71,52.0,160.3836665771714
72,Producto_72,385.0,147.43890092291605
73,Producto_73,339.0,644.4659973551825
74,Producto_74,91.0,190.06128355515338
75,Producto_75,366.0,352.21061049062456
76,Producto_76,443.0,897.8205258069518
77,Producto_77,454.0,479.2220238602436
78,Producto_78,427.0,670.8821611358169
79,Producto_79,263.0,180.59667248961352
80,Producto_80,430.0,200.36612862058408
81,Producto_81,34.0,50.459930103814074
82,Producto_82,205.0,177.2457124414429
83,Producto_83,80.0,285.80443564163903
84,Producto_84,419.0,185.24037943397934
85,Producto_85,49.0,97.81550841948506
86,Producto_86,359.0,129.4295123895948
87,Producto_87,387.0,466.1709803523985
88,Producto_88,1.0,214.2703812217346
89,Producto_89,389.0,370.62716243759473
90,Producto_90,53.0,508.3830981463083
91,Producto_91,,693.4908803430717
92,Producto_92,259.0,48.91901844268795
93,Producto_93,,801.4162949199522
94,Producto_94,476.0,631.6213855959987
95,Producto_95,190.0,90.94144162938319
96,Producto_96,,874.8428378657095
97,Producto_97,217.0,921.663676526495
98,Producto_98,43.0,70.46718025631512
99,Producto_99,161.0,284.10887166573167
100,Producto_100,201.0,808.1392669951307
101,Producto_101,445.0,750.7770934798218
102,Producto_102,483.0,192.67580916281355
103,Producto_103,,217.2558301033432
104,Producto_104,350.0,376.76738176346817
105,Producto_105,303.0,489.6777553391111
106,Producto_106,270.0,622.072223814993
107,Producto_107,455.0,375.2245031740747
108,Producto_108,461.0,467.90936897181643
109,Producto_109,214.0,749.9962287524189
110,Producto_110,251.0,46.31637086169192
111,Producto_111,189.0,259.9125749005806
112,Producto_112,295.0,716.2160900257069
113,Producto_113,212.0,896.2547693103273
114,Producto_114,207.0,516.5606676945094
115,Producto_115,236.0,536.7923504126625
116,Producto_116,337.0,116.10029122637829
117,Producto_117,366.0,452.9382431552201
118,Producto_118,52.0,537.2910937904729
119,Producto_119,279.0,250.04579859838236
120,Producto_120,409.0,276.55079863988715
121,Producto_121,216.0,383.5113214735764
122,Producto_122,251.0,29.870485799949105
123,Producto_123,187.0,328.8583739273465
124,Producto_124,379.0,219.3335269265792
125,Producto_125,492.0,334.2223786561355
126,Producto_126,40.0,128.5645105010587
127,Producto_127,156.0,891.622007932496
128,Producto_128,14.0,597.6565290185082
129,Producto_129,300.0,682.3112959530447
130,Producto_130,64.0,791.2795262212649
131,Producto_131,344.0,503.4577769397667
132,Producto_132,326.0,96.05108520654946
133,Producto_133,,541.7354764003622
134,Producto_134,343.0,590.9727068406703
135,Producto_135,128.0,747.9850794424867
136,Producto_136,491.0,437.3429507673826
137,Producto_137,135.0,136.30449976760812
138,Producto_138,471.0,290.93814674073724
139,Producto_139,,369.45147343464873
140,Producto_140,138.0,649.4580689182852
141,Producto_141,498.0,575.0705216222227
142,Producto_142,80.0,362.5357586388678
143,Producto_143,391.0,986.6500963050499
144,Producto_144,162.0,609.7170711633182
145,Producto_145,,244.85452381863453
146,Producto_146,288.0,110.7646478941997
147,Producto_147,378.0,161.33054779248872
148,Producto_148,260.0,253.49815110066305
149,Producto_149,489.0,169.07455952696012
150,Producto_150,230.0,194.7013538107927
151,Producto_151,40.0,292.2442170069086
152,Producto_152,27.0,181.63985934180727
153,Producto_153,134.0,897.797770380161
154,Producto_154,200.0,89.43140820502579
155,Producto_155,327.0,529.2662756745522
156,Producto_156,267.0,416.2928587197649
157,Producto_157,,982.5548307395203
158,Producto_158,32.0,120.91851314637182
159,Producto_159,47.0,403.8770430552842
160,Producto_160,406.0,969.7757289426152
161,Producto_161,61.0,866.8520546350404
162,Producto_162,215.0,818.9013502397871
163,Producto_163,292.0,265.32379877449046
164,Producto_164,98.0,179.17871151616515
165,Producto_165,171.0,671.9567877251867
166,Producto_166,,930.0822292363099
167,Producto_167,213.0,561.1952640837904
168,Producto_168,474.0,575.8965625752008
169,Producto_169,34.0,287.1793027236813
170,Producto_170,,771.7980038600175
171,Producto_171,226.0,195.17331107194815
172,Producto_172,100.0,330.4424440402012
173,Producto_173,430.0,431.1820742302526
174,Producto_174,461.0,512.5342748976104
175,Producto_175,,249.98563509092943
176,Producto_176,256.0,123.68845649181151
177,Producto_177,4.0,614.5138420172162
178,Producto_178,217.0,295.7442477078532
179,Producto_179,254.0,585.4258392083862
180,Producto_180,397.0,162.81908812146028
181,Producto_181,,486.3287008362693
182,Producto_182,282.0,537.26353822607
183,Producto_183,392.0,61.30530145420264
184,Producto_184,206.0,343.23823541198135
185,Producto_185,,143.0705301695845
186,Producto_186,345.0,72.74122076804007
187,Producto_187,,990.0606300660457
188,Producto_188,379.0,329.13030652497577
189,Producto_189,460.0,811.7757013960885
190,Producto_190,178.0,262.0942482161262
191,Producto_191,62.0,684.68769500169
192,Producto_192,351.0,762.6255812907897
193,Producto_193,,599.6823532017659
194,Producto_194,,476.8604266646568
195,Producto_195,,417.7225050057958
196,Producto_196,95.0,355.3795838775653
197,Producto_197,387.0,930.2338528053476
198,Producto_198,221.0,832.3132137098519
199,Producto_199,484.0,965.3766415598475
200,Producto_200,406.0,133.05425125068928
201,Producto_201,,733.5588004516078
202,Producto_202,236.0,938.9570522528275
203,Producto_203,142.0,189.42073550400355
204,Producto_204,,75.83130469310971
205,Producto_205,28.0,743.7094427971584
206,Producto_206,35.0,578.7283820481127
207,Producto_207,,843.4104889906894
208,Producto_208,159.0,148.3746528600266
209,Producto_209,326.0,797.3146387412913
210,Producto_210,186.0,209.6110468472671
211,Producto_211,242.0,172.01938343704745
212,Producto_212,85.0,172.62313995168302
213,Producto_213,283.0,816.4289730290683
214,Producto_214,65.0,668.5452484892381
215,Producto_215,169.0,527.8347705214281
216,Producto_216,44.0,365.24217928226744
217,Producto_217,61.0,878.4285354049772
218,Producto_218,440.0,398.52065634840903
219,Producto_219,133.0,818.4334450768613
220,Producto_220,283.0,444.74355948451625
221,Producto_221,27.0,383.1749851306585
222,Producto_222,107.0,468.0529878129104
223,Producto_223,43.0,308.36409542250067
224,Producto_224,339.0,750.1332863744886
225,Producto_225,,507.6931861915544
226,Producto_226,445.0,239.89056819534912
227,Producto_227,330.0,900.5788275418228
228,Producto_228,127.0,390.0523091594793
229,Producto_229,347.0,548.1173325028487
230,Producto_230,472.0,907.4073898549015
231,Producto_231,230.0,627.9956159548522
232,Producto_232,189.0,125.72906030128043
233,Producto_233,224.0,940.4338023773404
234,Producto_234,384.0,631.4309725407037
235,Producto_235,376.0,341.5565585105153
236,Producto_236,282.0,147.87935193675338
237,Producto_237,445.0,796.0849373775931
238,Producto_238,120.0,623.8720283692284
239,Producto_239,115.0,538.1264810565583
240,Producto_240,460.0,894.9536572204481
241,Producto_241,232.0,790.7112391122854
242,Producto_242,258.0,160.15813093542366
243,Producto_243,358.0,318.6048471175927
244,Producto_244,197.0,256.00424841632105
245,Producto_245,455.0,746.5068296469502
246,Producto_246,410.0,43.197110388421585
247,Producto_247,,574.1907880226033
248,Producto_248,317.0,764.8340988832837
249,Producto_249,,877.997980394132
250,Producto_250,224.0,348.6609312287484
251,Producto_251,306.0,823.0447316252927
252,Producto_252,,119.52541958565516
253,Producto_253,171.0,847.987768817173
254,Producto_254,151.0,136.21377570866258
255,Producto_255,462.0,403.3144176547636
256,Producto_256,314.0,799.3224121217581
257,Producto_257,,158.41825307528603
258,Producto_258,159.0,236.95888128031507
259,Producto_259,95.0,725.0300427091356
260,Producto_260,471.0,722.8361711806136
261,Producto_261,232.0,644.7361565564444
262,Producto_262,179.0,697.008960022429
263,Producto_263,112.0,547.2971989141203
264,Producto_264,317.0,259.28106831788324
265,Producto_265,496.0,352.23903356888025
266,Producto_266,441.0,189.7817396334114
267,Producto_267,51.0,909.366055720292
268,Producto_268,267.0,587.5578768184592
269,Producto_269,294.0,406.8429025960035
270,Producto_270,385.0,467.3857456076914
271,Producto_271,386.0,947.8105062156972
272,Producto_272,,161.8178890849194
273,Producto_273,100.0,590.3675336966293
274,Producto_274,112.0,510.8297920956213
275,Producto_275,,615.3396930803013
276,Producto_276,80.0,27.929081982632102
277,Producto_277,186.0,873.40266985471
278,Producto_278,112.0,932.7970996587762
279,Producto_279,1.0,569.4818517533168
280,Producto_280,129.0,699.6843156381233
281,Producto_281,219.0,923.2743873655228
282,Producto_282,53.0,710.1662479702646
283,Producto_283,342.0,161.01365248511874
284,Producto_284,484.0,580.525476565145
285,Producto_285,223.0,610.6478959190273
286,Producto_286,224.0,429.8893645893622
287,Producto_287,384.0,739.0797932684756
288,Producto_288,402.0,935.0233446213247
289,Producto_289,125.0,926.3128277777085
290,Producto_290,129.0,456.3309776900908
291,Producto_291,52.0,122.1056653823477
292,Producto_292,,984.9927869727112
293,Producto_293,217.0,840.5091055814747
294,Producto_294,159.0,133.41605439123418
295,Producto_295,197.0,921.6334637911986
296,Producto_296,415.0,871.197398441507
297,Producto_297,246.0,523.6496765548114
298,Producto_298,323.0,595.3626813874799
299,Producto_299,,405.01267683142896
300,Producto_300,202.0,64.21402243381101
301,Producto_301,183.0,341.8452692294419
302,Producto_302,122.0,804.8249141120314
303,Producto_303,400.0,14.58570277455683
304,Producto_304,254.0,340.16417997423275
305,Producto_305,293.0,404.1870066550339
306,Producto_306,279.0,542.0216469085436
307,Producto_307,324.0,920.6570602486329
308,Producto_308,371.0,352.88253442230166
309,Producto_309,97.0,353.4836698772654
310,Producto_310,197.0,740.1262356286509
311,Producto_311,469.0,457.6957614809091
312,Producto_312,394.0,232.35877471058214
313,Producto_313,239.0,457.9151209713665
314,Producto_314,143.0,149.44845017600187
315,Producto_315,96.0,184.62311664116106
316,Producto_316,200.0,503.38409501208497
317,Producto_317,,424.7361950095024
318,Producto_318,186.0,915.697442057419
319,Producto_319,325.0,368.76996012546675
320,Producto_320,463.0,584.7824667752631
321,Producto_321,348.0,635.9416450403351
322,Producto_322,,22.9635120224503
323,Producto_323,147.0,666.9019982965435
324,Producto_324,251.0,186.25560720105392
325,Producto_325,442.0,961.4596142947606
326,Producto_326,419.0,157.17610047558182
327,Producto_327,,420.4778824897535
328,Producto_328,345.0,94.49617139785742
329,Producto_329,450.0,996.9055093274878
330,Producto_330,146.0,507.17306022793014
331,Producto_331,147.0,599.4311671468433
332,Producto_332,351.0,76.4057126145432
333,Producto_333,,752.460865695186
334,Producto_334,307.0,217.8065371646299
335,Producto_335,488.0,899.0737465463067
336,Producto_336,416.0,213.08824407718708
337,Producto_337,423.0,198.7808434570299
338,Producto_338,127.0,46.18417116961393
339,Producto_339,38.0,477.34627565889923
340,Producto_340,,569.1927219299903
341,Producto_341,359.0,75.05155303406885
342,Producto_342,128.0,777.7723405280605
343,Producto_343,266.0,458.7559464005473
344,Producto_344,475.0,529.1463666343043
345,Producto_345,440.0,446.3551194688459
346,Producto_346,472.0,406.7554302665727
347,Producto_347,,564.0439279951357
348,Producto_348,150.0,163.6878434714054
349,Producto_349,414.0,190.1088491903184
350,Producto_350,477.0,863.1677648033822
351,Producto_351,297.0,946.6543075122964
352,Producto_352,98.0,379.5762231169554
353,Producto_353,262.0,278.03722641211823
354,Producto_354,251.0,647.5595478066256
355,Producto_355,143.0,414.6468293871154
356,Producto_356,345.0,35.13249210374141
357,Producto_357,111.0,164.59107139252845
358,Producto_358,499.0,718.8125065589236
359,Producto_359,59.0,662.3347024910498
360,Producto_360,368.0,36.825032578448656
361,Producto_361,1.0,229.75244031361996
362,Producto_362,384.0,238.76404862219067
363,Producto_363,,675.1738161627411
364,Producto_364,253.0,29.513432376820514
365,Producto_365,,113.06749616472811
366,Producto_366,452.0,801.9169245194574
367,Producto_367,36.0,186.75921543379027
368,Producto_368,159.0,656.218646773356
369,Producto_369,8.0,245.80095323625926
370,Producto_370,232.0,108.44697883175171
371,Producto_371,,250.74046908945954
372,Producto_372,,725.0442625371026
373,Producto_373,303.0,857.1395034252229
374,Producto_374,207.0,831.9176659213217
375,Producto_375,130.0,403.21169432227026
376,Producto_376,403.0,671.4042852049397
377,Producto_377,151.0,212.93445246166277
378,Producto_378,53.0,300.2162529584031
379,Producto_379,119.0,897.3724603359086
380,Producto_380,160.0,22.871904275628673
381,Producto_381,407.0,94.6534455459234
382,Producto_382,115.0,215.80739259456703
383,Producto_383,74.0,36.26688183508152
384,Producto_384,112.0,189.62108073889934
385,Producto_385,455.0,587.2111453599953
386,Producto_386,419.0,427.210305086573
387,Producto_387,421.0,893.7449939662051
388,Producto_388,103.0,819.2691261210565
389,Producto_389,339.0,348.3991781808972
390,Producto_390,253.0,266.82919909697955
391,Producto_391,226.0,385.89548408559426
392,Producto_392,111.0,594.3919930896596
393,Producto_393,472.0,275.3830044146475
394,Producto_394,98.0,627.9074187706427
395,Producto_395,152.0,415.31753566932804
396,Producto_396,348.0,556.5267090434604
397,Producto_397,401.0,441.7652638439635
398,Producto_398,383.0,301.5211019464985
399,Producto_399,365.0,948.9687738925351
400,Producto_400,337.0,765.9697362181632
401,Producto_401,,148.712044008788
402,Producto_402,309.0,869.7832961389337
403,Producto_403,,492.5568862670185
404,Producto_404,207.0,895.6067046251505
405,Producto_405,444.0,801.8567033878421
406,Producto_406,168.0,430.9613694245411
407,Producto_407,483.0,32.244615236916225
408,Producto_408,160.0,275.99058579109663
409,Producto_409,67.0,546.2178725142583
410,Producto_410,288.0,637.1434376278858
411,Producto_411,397.0,265.3088085788703
412,Producto_412,276.0,147.96251333209588
413,Producto_413,303.0,836.5809344313061
414,Producto_414,403.0,984.5581588965166
415,Producto_415,383.0,530.433280479659
416,Producto_416,391.0,179.96249298982048
417,Producto_417,134.0,279.5842532541753
418,Producto_418,194.0,28.206769781992065
419,Producto_419,400.0,915.155818494894
420,Producto_420,127.0,126.57357206123973
421,Producto_421,32.0,580.751310759111
422,Producto_422,175.0,281.3146684803339
423,Producto_423,459.0,558.6362224906355
424,Producto_424,442.0,654.9061844683456
425,Producto_425,370.0,831.4443856701296
426,Producto_426,469.0,214.35705904299718
427,Producto_427,374.0,20.88587037189567
428,Producto_428,21.0,145.5167737681192
429,Producto_429,237.0,901.018455429624
430,Producto_430,157.0,875.1511767868901
431,Producto_431,37.0,601.4389711486052
432,Producto_432,229.0,604.5116918293169
433,Producto_433,364.0,668.3863078007929
434,Producto_434,50.0,183.6175658372151
435,Producto_435,437.0,915.2678264657102
436,Producto_436,263.0,424.5828196431524
437,Producto_437,,389.3071429670025
438,Producto_438,26.0,523.7285282300091
439,Producto_439,225.0,56.496307107304496
440,Producto_440,276.0,174.62053506851862
441,Producto_441,285.0,740.6532802621067
442,Producto_442,96.0,91.9706812458752
443,Producto_443,283.0,607.1205883717244
444,Producto_444,366.0,252.89561858450776
445,Producto_445,447.0,395.4026579015568
446,Producto_446,480.0,295.80679940299285
447,Producto_447,452.0,362.11598930029965
448,Producto_448,316.0,721.855446132403
449,Producto_449,303.0,304.15049846694325
450,Producto_450,146.0,570.7405938939282
451,Producto_451,3.0,481.2898981771087
452,Producto_452,34.0,667.0344537090217
453,Producto_453,191.0,937.4614419315104
454,Producto_454,48.0,735.2463762381478
455,Producto_455,16.0,222.79097480484918
456,Producto_456,171.0,40.871303710671825
457,Producto_457,219.0,269.64140385682686
458,Producto_458,,599.1271513932522
459,Producto_459,476.0,60.91155534940785
460,Producto_460,45.0,501.402584729224
461,Producto_461,372.0,600.8744204277203
462,Producto_462,5.0,340.9014519087912
463,Producto_463,98.0,773.2030817083637
464,Producto_464,379.0,115.53227060243408
465,Producto_465,232.0,84.38640391845067
466,Producto_466,36.0,730.9068686415674
467,Producto_467,279.0,500.5364030441365
468,Producto_468,,691.5183724634587
469,Producto_469,496.0,440.47906521770875
470,Producto_470,301.0,253.93801290671576
471,Producto_471,180.0,820.9112944974577
472,Producto_472,94.0,801.4217201792894
473,Producto_473,98.0,697.7495061458825
474,Producto_474,187.0,279.4236858576631
475,Producto_475,480.0,594.3283602003962
476,Producto_476,115.0,367.36415797062654
477,Producto_477,190.0,100.66625259336782
478,Producto_478,,918.1404397076203
479,Producto_479,468.0,145.45044460977178
480,Producto_480,415.0,950.7349802825944
481,Producto_481,470.0,451.5457152283762
482,Producto_482,160.0,193.28159955023347
483,Producto_483,255.0,546.4819379045746
484,Producto_484,,874.2163775176442
485,Producto_485,127.0,734.9026375454656
486,Producto_486,17.0,808.4955363828352
487,Producto_487,280.0,662.1955330436102
488,Producto_488,489.0,695.3537988726739
489,Producto_489,,850.7036950496661
490,Producto_490,53.0,257.1713287705941
491,Producto_491,57.0,494.53071400670905
492,Producto_492,,228.99734740140622
493,Producto_493,359.0,987.7913279166805
494,Producto_494,173.0,944.6187462897472
495,Producto_495,279.0,49.03254325482084
496,Producto_496,113.0,708.5194207905316
497,Producto_497,287.0,925.9958342415092
498,Producto_498,430.0,188.7695916760602
499,Producto_499,341.0,572.2657782471032
500,Producto_500,150.0,916.3334146121614
501,Producto_501,,43.60651879994085
502,Producto_502,126.0,700.4460645743716
503,Producto_503,154.0,304.3755172988253
504,Producto_504,489.0,925.1522334227651
505,Producto_505,385.0,971.347662713714
506,Producto_506,,944.8238242222995
507,Producto_507,,479.47207449088916
508,Producto_508,103.0,863.4222244794203
509,Producto_509,416.0,846.1039045497197
510,Producto_510,392.0,325.9094685108231
511,Producto_511,,830.6263194091706
512,Producto_512,245.0,46.63755836833769
513,Producto_513,175.0,600.3071796972325
514,Producto_514,,237.70874891482603
515,Producto_515,476.0,129.36121691950603
516,Producto_516,,86.18366961291706
517,Producto_517,246.0,699.3258881193584
518,Producto_518,25.0,346.4762141303855
519,Producto_519,354.0,727.5191038134739
520,Producto_520,305.0,74.70277739095295
521,Producto_521,408.0,322.1374344523042
522,Producto_522,407.0,544.0963794515839
523,Producto_523,12.0,792.8159331905739
524,Producto_524,315.0,325.5649779027492
525,Producto_525,,629.632462672639
526,Producto_526,312.0,887.1179707538253
527,Producto_527,35.0,619.7045563004815
528,Producto_528,,240.62988000609744
529,Producto_529,19.0,34.15677374097264
530,Producto_530,320.0,871.3978851619206
531,Producto_531,263.0,31.056716741883267
532,Producto_532,493.0,875.9546559573574
533,Producto_533,399.0,533.6477626869398
534,Producto_534,141.0,939.6770215277672
535,Producto_535,459.0,800.7954034159287
536,Producto_536,370.0,997.954769428004
537,Producto_537,470.0,357.20469729719304
538,Producto_538,142.0,769.5164060418156
539,Producto_539,91.0,407.91160447314974
540,Producto_540,353.0,485.0768641008698
541,Producto_541,321.0,631.2304085861864
542,Producto_542,287.0,874.9403430444754
543,Producto_543,214.0,984.2426345073022
544,Producto_544,446.0,770.590679725873
545,Producto_545,,423.58911434566045
546,Producto_546,50.0,427.14343225429946
547,Producto_547,152.0,740.2064785730025
548,Producto_548,185.0,246.3893743106193
549,Producto_549,62.0,119.36937200008072
550,Producto_550,189.0,361.07593606436876
551,Producto_551,,294.3666017375409
552,Producto_552,149.0,303.3450392514302
553,Producto_553,313.0,241.27167353941084
554,Producto_554,57.0,51.672257739998265
555,Producto_555,341.0,27.69519538607967
556,Producto_556,304.0,987.8451658386713
557,Producto_557,179.0,433.4954023985037
558,Producto_558,169.0,390.4833806880849
559,Producto_559,325.0,682.8508098661391
560,Producto_560,270.0,226.0713489864135
561,Producto_561,53.0,950.4615721107231
562,Producto_562,490.0,788.4815642713966
563,Producto_563,443.0,98.51689228913692
564,Producto_564,100.0,423.40496802707906
565,Producto_565,480.0,880.3271244865431
566,Producto_566,263.0,945.2847020684961
567,Producto_567,52.0,472.727496137371
568,Producto_568,59.0,617.2772753186006
569,Producto_569,491.0,175.36360663115448
570,Producto_570,107.0,991.2569398756068
571,Producto_571,4.0,239.35498436960896
572,Producto_572,102.0,943.3044563937744
573,Producto_573,,653.1501825024447
574,Producto_574,261.0,611.6594269300705
575,Producto_575,364.0,517.5616259063436
576,Producto_576,479.0,238.3631136005811
577,Producto_577,371.0,184.76275168545317
578,Producto_578,349.0,228.2813469794736
579,Producto_579,,194.57387952281198
580,Producto_580,354.0,781.7886288310858
581,Producto_581,310.0,356.6240065750628
582,Producto_582,423.0,67.2642497977624
583,Producto_583,307.0,969.4116038394033
584,Producto_584,143.0,884.9480261137915
585,Producto_585,268.0,928.4747603632609
586,Producto_586,369.0,994.9587444199709
587,Producto_587,123.0,182.1562967272924
588,Producto_588,105.0,402.27959871363214
589,Producto_589,157.0,760.6560909470504
590,Producto_590,146.0,699.0604118732543
591,Producto_591,144.0,162.3569472764565
592,Producto_592,119.0,817.6747937407116
593,Producto_593,318.0,232.19616611829406
594,Producto_594,274.0,231.57943867439684
595,Producto_595,91.0,541.6046786644795
596,Producto_596,57.0,597.0105354932862
597,Producto_597,438.0,584.2853457594331
598,Producto_598,345.0,100.57196902377733
599,Producto_599,228.0,878.6862540040765
600,Producto_600,473.0,272.944042162819
601,Producto_601,116.0,138.21977206997613
602,Producto_602,317.0,889.8605990702874
603,Producto_603,278.0,956.0949832474558
604,Producto_604,126.0,863.5063410927961
605,Producto_605,,811.4209139776293
606,Producto_606,395.0,658.6895608326315
607,Producto_607,,555.348796903048
608,Producto_608,57.0,96.11689231229603
609,Producto_609,121.0,414.3686809399917
610,Producto_610,0.0,378.96163184219085
611,Producto_611,238.0,267.1562459227229
612,Producto_612,289.0,726.1859125516991
613,Producto_613,95.0,500.9169777279831
614,Producto_614,125.0,90.23575374857145
615,Producto_615,117.0,227.98136993031324
616,Producto_616,,686.4261760229999
617,Producto_617,88.0,85.36955089539718
618,Producto_618,487.0,852.694844908281
619,Producto_619,236.0,500.1950617438346
620,Producto_620,372.0,485.78071155338154
621,Producto_621,384.0,596.4837068129224
622,Producto_622,,826.4341562658976
623,Producto_623,188.0,354.3311158231711
624,Producto_624,486.0,681.2359910334729
625,Producto_625,191.0,570.0746443558331
626,Producto_626,446.0,274.3579874677271
627,Producto_627,68.0,879.8436864916064
628,Producto_628,277.0,799.4517613908588
629,Producto_629,348.0,661.8673163118413
630,Producto_630,246.0,852.0759118032995
631,Producto_631,450.0,868.6212589502044
632,Producto_632,75.0,711.2793469478844
633,Producto_633,153.0,838.6431950800353
634,Producto_634,,700.4967470525908
635,Producto_635,434.0,683.3393640426974
636,Producto_636,484.0,622.4252644330325
637,Producto_637,85.0,755.1894731620648
638,Producto_638,184.0,167.01905424014296
639,Producto_639,284.0,882.0620516069391
640,Producto_640,461.0,873.1250924677797
641,Producto_641,219.0,38.95481020421356
642,Producto_642,68.0,827.558583059115
643,Producto_643,46.0,137.58116879871073
644,Producto_644,496.0,341.7676657165505
645,Producto_645,,746.0731737286917
646,Producto_646,237.0,169.15229708782513
647,Producto_647,445.0,819.7873538778716
648,Producto_648,499.0,833.8128361781645
649,Producto_649,452.0,512.3930564232278
650,Producto_650,203.0,16.322012999665244
651,Producto_651,399.0,294.16775184316367
652,Producto_652,217.0,620.7576491919848
653,Producto_653,473.0,981.3743162471492
654,Producto_654,431.0,635.4953917465017
655,Producto_655,340.0,267.2055452535182
656,Producto_656,38.0,637.6656460686153
657,Producto_657,99.0,544.5855259186969
658,Producto_658,288.0,782.0469411996322
659,Producto_659,253.0,115.91083243868883
660,Producto_660,221.0,763.4176234770077
661,Producto_661,356.0,545.8539128893492
662,Producto_662,22.0,963.3620838204047
663,Producto_663,249.0,348.45344437829925
664,Producto_664,9.0,636.2956742026087
665,Producto_665,245.0,932.7078244549173
666,Producto_666,324.0,111.48463071077246
667,Producto_667,99.0,937.8562023640866
668,Producto_668,,691.0068650778052
669,Producto_669,179.0,77.15868851412019
670,Producto_670,222.0,307.9539312773481
671,Producto_671,393.0,711.0903677588287
672,Producto_672,249.0,76.67709545408398
673,Producto_673,146.0,586.3487555745105
674,Producto_674,441.0,352.42422638342714
675,Producto_675,95.0,624.7063625898023
676,Producto_676,256.0,55.28461347438772
677,Producto_677,324.0,872.8214380908526
678,Producto_678,492.0,973.7540794856229
679,Producto_679,3.0,969.1890767328346
680,Producto_680,15.0,752.1553134254955
681,Producto_681,279.0,138.78537772932566
682,Producto_682,335.0,760.6805639697324
683,Producto_683,246.0,34.341047294213496
684,Producto_684,257.0,31.90231601370728
685,Producto_685,496.0,330.3741169580458
686,Producto_686,475.0,493.75675850061907
687,Producto_687,383.0,772.7033436297153
688,Producto_688,159.0,686.4624228404401
689,Producto_689,,451.44367931298086
690,Producto_690,339.0,280.89039961884924
691,Producto_691,151.0,997.153255156134
692,Producto_692,395.0,431.9194892136132
693,Producto_693,177.0,456.87315408637875
694,Producto_694,162.0,171.9875829797525
695,Producto_695,379.0,796.8614532624301
696,Producto_696,32.0,696.7454035236738
697,Producto_697,416.0,228.56191666087278
698,Producto_698,444.0,91.55723515968427
699,Producto_699,178.0,683.694309053966
700,Producto_700,426.0,657.9661021383239
701,Producto_701,100.0,280.5269317282272
702,Producto_702,267.0,951.3549266279063
703,Producto_703,322.0,159.54731286309124
704,Producto_704,64.0,438.0114530321759
705,Producto_705,416.0,944.1797609659229
706,Producto_706,167.0,425.53004375686106
707,Producto_707,329.0,642.1406881874447
708,Producto_708,42.0,403.6184539831663
709,Producto_709,43.0,281.47305032518335
710,Producto_710,284.0,984.1378714802299
711,Producto_711,396.0,415.2406662518926
712,Producto_712,11.0,895.1582116423431
713,Producto_713,94.0,237.6550598321753
714,Producto_714,301.0,220.97365698483247
715,Producto_715,385.0,40.82274205566625
716,Producto_716,252.0,655.1501571221262
717,Producto_717,,374.84108028652355
718,Producto_718,241.0,865.7146673412407
719,Producto_719,34.0,478.47780762464157
720,Producto_720,214.0,968.5114936355745
721,Producto_721,,193.67026054608993
722,Producto_722,89.0,869.9369362760547
723,Producto_723,263.0,778.8308842638243
724,Producto_724,92.0,773.2126261976115
725,Producto_725,,846.3353958357188
726,Producto_726,457.0,763.4137510335689
727,Producto_727,89.0,629.9581184151012
728,Producto_728,,139.9324289055637
729,Producto_729,114.0,42.200917696339395
730,Producto_730,104.0,921.63936933753
731,Producto_731,,620.4838113755306
732,Producto_732,,798.5719180664146
733,Producto_733,313.0,486.70712799742455
734,Producto_734,113.0,126.13510707277054
735,Producto_735,492.0,133.93393428052494
736,Producto_736,74.0,688.7096343566817
737,Producto_737,,436.00283595046807
738,Producto_738,375.0,208.51947943333334
739,Producto_739,419.0,496.6786012740225
740,Producto_740,216.0,73.56684770438275
741,Producto_741,276.0,586.1516878952548
742,Producto_742,,276.30347039074667
743,Producto_743,163.0,799.5835096308163
744,Producto_744,393.0,317.258339334338
745,Producto_745,356.0,460.6679475909832
746,Producto_746,456.0,21.50433450901963
747,Producto_747,407.0,81.7224189166133
748,Producto_748,,398.568620842618
749,Producto_749,226.0,485.1394463699523
750,Producto_750,176.0,604.0203426381107
751,Producto_751,98.0,298.7459529222102
752,Producto_752,495.0,698.0320672652771
753,Producto_753,35.0,861.5211732173125
754,Producto_754,465.0,782.0524790044163
755,Producto_755,496.0,49.222637094873576
756,Producto_756,486.0,485.70187778525064
757,Producto_757,95.0,113.88087663399313
758,Producto_758,151.0,249.6245657039022
759,Producto_759,,986.795967334475
760,Producto_760,189.0,151.0705874724981
761,Producto_761,223.0,503.8992719168425
762,Producto_762,,621.9741769749379
763,Producto_763,267.0,705.440320838663
764,Producto_764,368.0,564.0521966520449
765,Producto_765,182.0,19.673138944991823
766,Producto_766,12.0,333.196695161552
767,Producto_767,278.0,522.5345269508643
768,Producto_768,216.0,96.98783415338502
769,Producto_769,354.0,357.12066189708895
770,Producto_770,360.0,42.8710777034529
771,Producto_771,285.0,87.79271218347054
772,Producto_772,272.0,402.9540434395801
773,Producto_773,368.0,141.38859650262975
774,Producto_774,61.0,571.8654397789426
775,Producto_775,83.0,692.5703194458931
776,Producto_776,367.0,802.580832117992
777,Producto_777,216.0,208.148741802362
778,Producto_778,341.0,175.80775643647905
779,Producto_779,396.0,113.52216193105625
780,Producto_780,186.0,640.0659470482003
781,Producto_781,18.0,709.4109692220321
782,Producto_782,176.0,41.27028337738562
783,Producto_783,99.0,936.8501237812529
784,Producto_784,395.0,61.451570814957684
785,Producto_785,444.0,545.8833719480598
786,Producto_786,232.0,711.9699142564073
787,Producto_787,402.0,872.2594325086247
788,Producto_788,75.0,716.9460628111035
789,Producto_789,264.0,803.7108022390939
790,Producto_790,454.0,346.055690617378
791,Producto_791,283.0,816.6768626090471
792,Producto_792,205.0,89.31369792082839
793,Producto_793,222.0,895.8684894999224
794,Producto_794,383.0,552.1164523921989
795,Producto_795,51.0,819.1247922628688
796,Producto_796,338.0,457.79510167311713
797,Producto_797,366.0,647.1419182445597
798,Producto_798,143.0,531.138634326752
799,Producto_799,372.0,734.2736265377786
800,Producto_800,68.0,90.81368221028369
801,Producto_801,98.0,69.74856315065816
802,Producto_802,395.0,254.632201670045
803,Producto_803,24.0,167.94923331205646
804,Producto_804,,873.0657309262797
805,Producto_805,378.0,227.02184748446388
806,Producto_806,468.0,976.10660326094
807,Producto_807,483.0,343.5268338533958
808,Producto_808,52.0,190.2967365318123
809,Producto_809,150.0,791.8015220710544
810,Producto_810,143.0,662.1206977458673
811,Producto_811,56.0,503.2137592886076
812,Producto_812,38.0,559.809915428255
813,Producto_813,108.0,722.0097604895412
814,Producto_814,180.0,236.17019391798573
815,Producto_815,,996.3705768961745
816,Producto_816,185.0,975.0452305253153
817,Producto_817,422.0,653.8224294834675
818,Producto_818,397.0,207.5470264198537
819,Producto_819,222.0,683.4259600069784
820,Producto_820,121.0,81.47642488938409
821,Producto_821,132.0,40.345977183748005
822,Producto_822,162.0,265.10605962610157
823,Producto_823,,467.99672717192317
824,Producto_824,220.0,869.5897803542967
825,Producto_825,234.0,729.8973790686449
826,Producto_826,330.0,745.2794559879812
827,Producto_827,145.0,431.2384011035946
828,Producto_828,238.0,352.4756426214933
829,Producto_829,75.0,377.32837535475664
830,Producto_830,8.0,987.7730680986973
831,Producto_831,73.0,49.708099498357655
832,Producto_832,441.0,868.3611811612241
833,Producto_833,491.0,582.8886544866695
834,Producto_834,400.0,444.22926499769454
835,Producto_835,252.0,728.0050838109852
836,Producto_836,229.0,491.80225201045585
837,Producto_837,6.0,874.689005700844
838,Producto_838,173.0,901.6948453711459
839,Producto_839,140.0,427.50371760472086
840,Producto_840,167.0,284.0595192627011
841,Producto_841,169.0,596.4268253074287
842,Producto_842,392.0,913.239712160524
843,Producto_843,433.0,218.5555671156099
844,Producto_844,282.0,626.736917727848
845,Producto_845,121.0,635.2446178915953
846,Producto_846,,735.7818921911281
847,Producto_847,4.0,140.2520082759872
848,Producto_848,28.0,718.6667150352677
849,Producto_849,164.0,909.9421954589845
850,Producto_850,421.0,187.88627778153955
851,Producto_851,338.0,245.16789167463887
852,Producto_852,135.0,971.6811431012231
853,Producto_853,495.0,189.16718318239487
854,Producto_854,364.0,855.8412424358834
855,Producto_855,320.0,497.35507788355443
856,Producto_856,341.0,254.75876365914527
857,Producto_857,499.0,872.0424022597863
858,Producto_858,144.0,450.85220245263883
859,Producto_859,326.0,519.6691803903933
860,Producto_860,216.0,365.64103570576805
861,Producto_861,300.0,597.0213429205781
862,Producto_862,131.0,171.88863385917253
863,Producto_863,291.0,397.1707212852431
864,Producto_864,69.0,969.7181991119346
865,Producto_865,251.0,265.55209837411627
866,Producto_866,414.0,660.1692978958793
867,Producto_867,274.0,331.93816358244794
868,Producto_868,444.0,775.7383944297346
869,Producto_869,363.0,139.56492411116633
870,Producto_870,181.0,970.1228346277593
871,Producto_871,166.0,459.25164596980284
872,Producto_872,90.0,243.68995871299933
873,Producto_873,201.0,82.76177985671254
874,Producto_874,345.0,178.06032603666534
875,Producto_875,18.0,524.5762090704575
876,Producto_876,38.0,343.63314466697346
877,Producto_877,125.0,830.5945322237834
878,Producto_878,450.0,436.57864842518785
879,Producto_879,172.0,256.2271298617536
880,Producto_880,140.0,620.9735367379898
881,Producto_881,241.0,709.7094447165914
882,Producto_882,219.0,175.37148882194037
883,Producto_883,125.0,175.94302412543448
884,Producto_884,,46.30471266420754
885,Producto_885,,739.0379949149841
886,Producto_886,475.0,667.166482345587
887,Producto_887,455.0,479.88456699231574
888,Producto_888,316.0,845.7287444795052
889,Producto_889,382.0,807.6134514205527
890,Producto_890,360.0,589.5008207527846
891,Producto_891,422.0,869.5885677081261
892,Producto_892,,213.78279793640056
893,Producto_893,386.0,120.8004232037506
894,Producto_894,460.0,277.0521154018197
895,Producto_895,347.0,66.5159875284217
896,Producto_896,,535.8578327210217
897,Producto_897,190.0,937.2396353720119
898,Producto_898,368.0,48.95010526182455
899,Producto_899,408.0,130.88881486992653
900,Producto_900,311.0,457.67703800060093
901,Producto_901,416.0,934.5362673526258
902,Producto_902,421.0,322.994543926983
903,Producto_903,116.0,512.1624606015084
904,Producto_904,133.0,51.15713045988818
905,Producto_905,57.0,156.85976895246796
906,Producto_906,43.0,986.7638217292584
907,Producto_907,172.0,965.467509471685
908,Producto_908,,14.89058112506552
909,Producto_909,172.0,952.2936675690066
910,Producto_910,316.0,642.7287384373453
911,Producto_911,302.0,869.2391115748219
912,Producto_912,148.0,460.1924570775205
913,Producto_913,79.0,520.4400682934577
914,Producto_914,373.0,493.958114454351
915,Producto_915,212.0,670.1956149706433
916,Producto_916,202.0,148.25474220874978
917,Producto_917,251.0,39.67385397395117
918,Producto_918,228.0,314.850642175279
919,Producto_919,163.0,707.6339551092802
920,Producto_920,226.0,209.83491760171887
921,Producto_921,146.0,676.6981089916682
922,Producto_922,19.0,970.2129256461977
923,Producto_923,440.0,102.9617086315242
924,Producto_924,401.0,675.876097042875
925,Producto_925,46.0,449.31271711152544
926,Producto_926,232.0,869.4608318337303
927,Producto_927,304.0,185.37829155291206
928,Producto_928,13.0,695.6996927039029
929,Producto_929,,839.7341367516291
930,Producto_930,414.0,945.168077279283
931,Producto_931,0.0,686.4155480067493
932,Producto_932,372.0,502.203016368343
933,Producto_933,53.0,621.6687677992018
934,Producto_934,373.0,870.215934633931
935,Producto_935,258.0,574.9036491724414
936,Producto_936,143.0,40.08318909986849
937,Producto_937,470.0,931.639208551908
938,Producto_938,440.0,692.6314835212455
939,Producto_939,,679.748251919474
940,Producto_940,11.0,223.51840087374
941,Producto_941,329.0,662.2966155303307
942,Producto_942,223.0,399.9257615976169
943,Producto_943,271.0,654.7206472710772
944,Producto_944,455.0,115.52710000491082
945,Producto_945,357.0,661.2668515570057
946,Producto_946,459.0,999.4195885129599
947,Producto_947,407.0,57.72991847195047
948,Producto_948,155.0,977.4024423791042
949,Producto_949,372.0,412.8388811156419
950,Producto_950,,872.0459158338865
951,Producto_951,121.0,784.5616292176908
952,Producto_952,347.0,571.3460983768011
953,Producto_953,163.0,741.0647171588132
954,Producto_954,,879.7304056883344
955,Producto_955,135.0,410.09891843452266
956,Producto_956,185.0,333.7628299476063
957,Producto_957,315.0,670.9174517079489
958,Producto_958,177.0,809.767482521846
959,Producto_959,27.0,764.6622834288496
960,Producto_960,219.0,799.8355123700481
961,Producto_961,356.0,441.2274816648037
962,Producto_962,40.0,819.6558740132714
963,Producto_963,227.0,129.00696481690235
964,Producto_964,191.0,549.044206981241
965,Producto_965,410.0,15.701073893140354
966,Producto_966,446.0,331.33997160126756
967,Producto_967,144.0,372.7969195226839
968,Producto_968,200.0,402.21096469316285
969,Producto_969,416.0,698.5125346229636
970,Producto_970,211.0,394.6725202576423
971,Producto_971,460.0,454.2066863963054
972,Producto_972,219.0,245.1686895655842
973,Producto_973,239.0,379.5192737130467
974,Producto_974,412.0,234.99693099051996
975,Producto_975,396.0,82.4639645307592
976,Producto_976,45.0,607.4141074475641
977,Producto_977,34.0,671.5306705694661
978,Producto_978,252.0,623.2954425495184
979,Producto_979,389.0,468.85910336256666
980,Producto_980,81.0,385.98792237743754
981,Producto_981,370.0,864.700313076107
982,Producto_982,255.0,523.8909672848558
983,Producto_983,196.0,484.3900588534337
984,Producto_984,302.0,35.38564514837133
985,Producto_985,408.0,347.8353493498948
986,Producto_986,449.0,386.3936625979985
987,Producto_987,9.0,404.83455308793145
988,Producto_988,311.0,584.370645535059
989,Producto_989,285.0,538.2665212596097
990,Producto_990,241.0,611.8260418655102
991,Producto_991,250.0,767.234428926707
992,Producto_992,364.0,814.8558813289326
993,Producto_993,4.0,720.9418454642295
994,Producto_994,118.0,955.9684589953854
995,Producto_995,288.0,28.050256849598014
996,Producto_996,373.0,203.82020582671063
997,Producto_997,64.0,17.4872462283607
998,Producto_998,145.0,650.999967013057
999,Producto_999,223.0,899.0502434604871
1000,Producto_1000,238.0,251.0474736105363
2,Producto_2,435.0,598.1894081986138
732,Producto_732,,798.5719180664146
666,Producto_666,324.0,111.48463071077246
656,Producto_656,38.0,637.6656460686153
617,Producto_617,88.0,85.36955089539718
741,Producto_741,276.0,586.1516878952548
254,Producto_254,151.0,136.21377570866258
747,Producto_747,407.0,81.7224189166133
985,Producto_985,408.0,347.8353493498948
583,Producto_583,307.0,969.4116038394033
428,Producto_428,21.0,145.5167737681192
346,Producto_346,472.0,406.7554302665727
129,Producto_129,300.0,682.3112959530447
238,Producto_238,120.0,623.8720283692284
331,Producto_331,147.0,599.4311671468433
608,Producto_608,57.0,96.11689231229603
40,Producto_40,474.0,757.5858831168828
289,Producto_289,125.0,926.3128277777085
394,Producto_394,98.0,627.9074187706427
151,Producto_151,40.0,292.2442170069086
880,Producto_880,140.0,620.9735367379898
130,Producto_130,64.0,791.2795262212649
691,Producto_691,151.0,997.153255156134
681,Producto_681,279.0,138.78537772932566
150,Producto_150,230.0,194.7013538107927
207,Producto_207,,843.4104889906894
709,Producto_709,43.0,281.47305032518335
561,Producto_561,53.0,950.4615721107231
189,Producto_189,460.0,811.7757013960885
528,Producto_528,,240.62988000609744
436,Producto_436,263.0,424.5828196431524
587,Producto_587,123.0,182.1562967272924
799,Producto_799,372.0,734.2736265377786
791,Producto_791,283.0,816.6768626090471
97,Producto_97,217.0,921.663676526495
326,Producto_326,419.0,157.17610047558182
613,Producto_613,95.0,500.9169777279831
330,Producto_330,146.0,507.17306022793014
261,Producto_261,232.0,644.7361565564444
152,Producto_152,27.0,181.63985934180727
995,Producto_995,288.0,28.050256849598014
585,Producto_585,268.0,928.4747603632609
167,Producto_167,213.0,561.1952640837904
518,Producto_518,25.0,346.4762141303855
242,Producto_242,258.0,160.15813093542366
835,Producto_835,252.0,728.0050838109852
60,Producto_60,20.0,497.1951301487428
491,Producto_491,57.0,494.53071400670905
693,Producto_693,177.0,456.87315408637875
931,Producto_931,0.0,686.4155480067493
